Country,Year,CO2eq,CO2eq.2005,d.2005,GDP,t.CO2,EM.IN
AUT,2005,74.17,74.17,0,3.39655e+11,74170000,218.368638765807
AUT,2006,81.09,74.17,9.32991775650533,3.51387e+11,81090000,230.771200983531
AUT,2007,81.7,74.17,10.1523527032493,3.64485e+11,81700000,224.151885537128
AUT,2008,74.4,74.17,0.310098422542812,3.69808e+11,74400000,201.185480032882
AUT,2009,72.09,74.17,-2.80436834299582,3.55886e+11,72090000,202.564866277403
AUT,2010,64.93,74.17,-12.4578670621545,3.62424e+11,64930000,179.154802110236
AUT,2011,67.15,74.17,-9.46474315761089,3.73017e+11,67150000,180.018605050172
AUT,2012,74.02,74.17,-0.20223810165836,3.75555e+11,74020000,197.094966116814
AUT,2013,73.99,74.17,-0.242685721990032,3.75651e+11,73990000,196.96473588517
AUT,2014,69.05,74.17,-6.9030605366051,3.78135e+11,69050000,182.606740978751
AUT,2015,72.32,74.17,-2.49426992045303,3.81971e+11,72320000,189.333745231968
AUT,2016,72.83,74.17,-1.80666037481462,3.8957e+11,72830000,186.949713786996
AUT,2017,78.88,74.17,6.35027639207226,3.98369e+11,78880000,198.007375071855
AUT,2018,83.78,74.17,12.9567210462451,4.08031e+11,83780000,205.327536388167
AUT,2019,82.13,74.17,10.7321019280032,4.14222e+11,82130000,198.275320963155
AUT,2020,68.69,74.17,-7.38843198058515,3.87489e+11,68690000,177.269548296855
AUT,2021,67.13,74.17,-9.49170823783201,4.05146e+11,67130000,165.693354988078
BEL,2005,143.65,143.65,0,4.02652e+11,143650000,356.759683299723
BEL,2006,140.97,143.65,-1.86564566655065,4.12929e+11,140970000,341.390408520593
BEL,2007,137.65,143.65,-4.17681865645667,4.28112e+11,137650000,321.528011361513
BEL,2008,137.67,143.65,-4.16289592760182,4.30025e+11,137670000,320.144177664089
BEL,2009,125.25,143.65,-12.8089105464671,4.21336e+11,125250000,297.26868817286
BEL,2010,133.28,143.65,-7.21893491124261,4.33404e+11,133280000,307.519081503632
BEL,2011,122.9,143.65,-14.4448311869126,4.40748e+11,122900000,278.844146768675
BEL,2012,120.17,143.65,-16.3452836756004,4.44006e+11,120170000,270.649495727535
BEL,2013,119.6,143.65,-16.7420814479638,4.46045e+11,119600000,268.134381060207
BEL,2014,113.97,143.65,-20.6613296206056,4.53086e+11,113970000,251.541649929594
BEL,2015,118.13,143.65,-17.7654020187957,4.62336e+11,118130000,255.506817552602
BEL,2016,116.65,143.65,-18.795683954055,4.68192e+11,116650000,249.149921399768
BEL,2017,116.26,143.65,-19.0671771667247,4.75775e+11,116260000,244.359203404971
BEL,2018,116.98,143.65,-18.5659589279499,4.84305e+11,116980000,241.542003489537
BEL,2019,115.98,143.65,-19.2620953706927,4.95158e+11,115980000,234.228266533107
BEL,2020,106.94,143.65,-25.5551688130874,4.6861e+11,106940000,228.206824438232
BEL,2021,110.63,143.65,-22.9864253393665,4.97354e+11,110630000,222.437137330754
BGR,2005,45.9,45.9,0,40066366470,45900000,1145.59926551782
BGR,2006,49.95,45.9,8.82352941176472,42791916799,49950000,1167.27652642023
BGR,2007,52.93,45.9,15.3159041394336,45639456472,52930000,1159.74211990173
BGR,2008,53.23,45.9,15.9694989106754,48436954205,53230000,1098.95431852949
BGR,2009,44.27,45.9,-3.5511982570806,46815700521,44270000,945.622932207154
BGR,2010,47.51,45.9,3.50762527233115,47537505668,47510000,999.42139017154
BGR,2011,56.21,45.9,22.4618736383442,48536366470,56210000,1158.10070032216
BGR,2012,51.65,45.9,12.5272331154684,48902782249,51650000,1056.17712581284
BGR,2013,47.57,45.9,3.63834422657952,48628685105,47570000,978.229205607471
BGR,2014,49.37,45.9,7.5599128540305,49098860803,49370000,1005.52231136457
BGR,2015,52.73,45.9,14.880174291939,50781996713,52730000,1038.36011604682
BGR,2016,48.29,45.9,5.20697167755991,52325680685,48290000,922.873804369699
BGR,2017,50.29,45.9,9.56427015250545,53771005441,50290000,935.262407454525
BGR,2018,45.8,45.9,-0.21786492374728,55214628202,45800000,829.490326955439
BGR,2019,44.58,45.9,-2.87581699346405,57444273407,44580000,776.056469269705
BGR,2020,38.58,45.9,-15.9477124183007,55170276015,38580000,699.289595533484
BGR,2021,44.77,45.9,-2.46187363834422,59382311267,44770000,753.928216076016
BLR,2005,52.46,52.46,0,37496129068,52460000,1399.07775292918
BLR,2006,53.05,52.46,1.12466641250476,41245740030,53050000,1286.1934338289
BLR,2007,49.1,52.46,-6.40487990850172,44792876368,49100000,1096.15644230155
BLR,2008,52.13,52.46,-0.629050705299273,49361749507,52130000,1056.08088288296
BLR,2009,47,52.46,-10.4079298513153,49460470691,4.7e+07,950.253795472923
BLR,2010,45.74,52.46,-12.8097598170034,53317530167,45740000,857.879197643518
BLR,2011,46.09,52.46,-12.1425848265345,56185324134,46090000,820.320977237348
BLR,2012,48.99,52.46,-6.61456347693481,57133246704,48990000,857.469211470003
BLR,2013,48.44,52.46,-7.66298131910027,57706562175,48440000,839.419264885363
BLR,2014,47.77,52.46,-8.94014487228364,58702799524,47770000,813.760167953655
BLR,2015,44.5,52.46,-15.1734654975219,56454734397,44500000,788.24212841155
BLR,2016,47.45,52.46,-9.55013343499809,55028435772,47450000,862.281461108583
BLR,2017,52.29,52.46,-0.324056423942054,56421856743,52290000,926.768508136475
BLR,2018,52.29,52.46,-0.324056423942054,58198692498,52290000,898.473793063254
BLR,2019,56.66,52.46,8.00609988562714,59013474193,56660000,960.119714604446
BLR,2020,52.49,52.46,0.0571864277544818,58600611434,52490000,895.724442382616
BLR,2021,48.91,52.46,-6.76706061761343,59948354832,48910000,815.868928130989
CAN,2005,726.68,726.68,0,1.32166e+12,726680000,549.823706550853
CAN,2006,705.96,726.68,-2.85132382892056,1.35647e+12,705960000,520.439080849558
CAN,2007,731.19,726.68,0.620630814113517,1.38454e+12,731190000,528.110419345053
CAN,2008,709.43,726.68,-2.37380965486872,1.39849e+12,709430000,507.282855079407
CAN,2009,640.75,726.68,-11.8250123850938,1.35754e+12,640750000,471.99345875628
CAN,2010,683.69,726.68,-5.91594649639455,1.39948e+12,683690000,488.531454540258
CAN,2011,699.36,726.68,-3.75956404469642,1.44352e+12,699360000,484.482376413212
CAN,2012,695.18,726.68,-4.33478284802114,1.46896e+12,695180000,473.246378390154
CAN,2013,703.36,726.68,-3.20911542907469,1.50317e+12,703360000,467.91780038186
CAN,2014,680.88,726.68,-6.30263664886882,1.54632e+12,680880000,440.322830979357
CAN,2015,722.94,726.68,-0.514669455606305,1.55651e+12,722940000,464.462162144798
CAN,2016,693.97,726.68,-4.5012935542467,1.5721e+12,693970000,441.428662298836
CAN,2017,696.01,726.68,-4.22056476027962,1.61989e+12,696010000,429.664977251542
CAN,2018,713.32,726.68,-1.83849837617657,1.66487e+12,713320000,428.453873275391
CAN,2019,704.86,726.68,-3.00269719821654,1.69616e+12,704860000,415.562211112159
CAN,2020,645.4,726.68,-11.1851158694336,1.6074e+12,645400000,401.517979345527
CAN,2021,653.13,726.68,-10.1213739197446,1.68039e+12,653130000,388.677628407691
CHE,2005,53.2,53.2,0,5.67325e+11,53200000,93.7734103027365
CHE,2006,53.84,53.2,1.20300751879699,5.90436e+11,53840000,91.186851750232
CHE,2007,52.98,53.2,-0.413533834586477,6.1356e+11,52980000,86.3485233717974
CHE,2008,53.15,53.2,-0.093984962406023,6.30788e+11,53150000,84.2596878824582
CHE,2009,50.57,53.2,-4.9436090225564,6.16297e+11,50570000,82.0545938078556
CHE,2010,52.5,53.2,-1.31578947368422,6.36286e+11,52500000,82.5100662280798
CHE,2011,50.2,53.2,-5.6390977443609,6.47822e+11,50200000,77.490421751654
CHE,2012,50,53.2,-6.01503759398497,6.55462e+11,5e+07,76.2820727975077
CHE,2013,51.62,53.2,-2.96992481203009,6.67209e+11,51620000,77.3670618951483
CHE,2014,49.26,53.2,-7.40601503759399,6.82887e+11,49260000,72.1349212973742
CHE,2015,46.95,53.2,-11.7481203007519,6.94118e+11,46950000,67.6397961153579
CHE,2016,47.23,53.2,-11.2218045112782,7.08477e+11,47230000,66.664126005502
CHE,2017,46.56,53.2,-12.4812030075188,7.18132e+11,46560000,64.8348771535038
CHE,2018,45.65,53.2,-14.1917293233083,7.38674e+11,45650000,61.7999279790544
CHE,2019,44.7,53.2,-15.9774436090226,7.4711e+11,44700000,59.8305470412657
CHE,2020,42.36,53.2,-20.3759398496241,7.29362e+11,42360000,58.0781559774159
CHE,2021,43.26,53.2,-18.6842105263158,7.60153e+11,43260000,56.9095958313655
CYP,2005,9.08,9.08,0,18929632229,9080000,479.671231334835
CYP,2006,9.33,9.08,2.75330396475771,19821942659,9330000,470.690494897774
CYP,2007,9.7,9.08,6.82819383259911,20832478865,9700000,465.619097125147
CYP,2008,9.85,9.08,8.48017621145374,21592200202,9850000,456.183247091588
CYP,2009,9.58,9.08,5.50660792951542,21157060719,9580000,452.803918617898
CYP,2010,9.27,9.08,2.09251101321585,21640191720,9270000,428.369587476095
CYP,2011,8.93,9.08,-1.65198237885463,21730369161,8930000,410.945618725469
CYP,2012,8.4,9.08,-7.48898678414097,20981240451,8400000,400.357644230689
CYP,2013,7.69,9.08,-15.3083700440529,19599104959,7690000,392.364856256802
CYP,2014,8.06,9.08,-11.2334801762115,19251012721,8060000,418.679272452391
CYP,2015,8.11,9.08,-10.6828193832599,19909190059,8110000,407.349569518718
CYP,2016,8.67,9.08,-4.51541850220265,21217936635,8670000,408.616546893557
CYP,2017,8.73,9.08,-3.85462555066079,22434461969,8730000,389.133468503196
CYP,2018,8.59,9.08,-5.39647577092511,23701528569,8590000,362.423882282223
CYP,2019,8.66,9.08,-4.62555066079295,25012087656,8660000,346.232594380126
CYP,2020,8.28,9.08,-8.81057268722468,23918440580,8280000,346.17641448262
CYP,2021,8.5,9.08,-6.38766519823789,25506368382,8500000,333.250107294714
DNK,2005,73.93,73.93,0,2.80921e+11,73930000,263.170072725072
DNK,2006,81.84,73.93,10.6993101582578,2.91913e+11,81840000,280.35750377681
DNK,2007,77.52,73.93,4.85594481266061,2.94567e+11,77520000,263.165935084378
DNK,2008,72.49,73.93,-1.94778844853241,2.93059e+11,72490000,247.356334390003
DNK,2009,69.03,73.93,-6.6278912484783,2.7868e+11,69030000,247.703459164633
DNK,2010,68.41,73.93,-7.46652238604086,2.83894e+11,68410000,240.970221279773
DNK,2011,62.65,73.93,-15.2576761801704,2.87689e+11,62650000,217.769883450532
DNK,2012,57.62,73.93,-22.0614094413635,2.88341e+11,57620000,199.832836814744
DNK,2013,58.98,73.93,-20.221831462194,2.91032e+11,58980000,202.658126941367
DNK,2014,55.52,73.93,-24.9019342621399,2.95745e+11,55520000,187.729293817309
DNK,2015,51.72,73.93,-30.0419315568781,3.02673e+11,51720000,170.8774816386
DNK,2016,54.87,73.93,-25.7811443257135,3.12498e+11,54870000,175.585123744792
DNK,2017,52.69,73.93,-28.7298796158528,3.21316e+11,52690000,163.98187454095
DNK,2018,54.55,73.93,-26.2139862031652,3.27708e+11,54550000,166.459164866283
DNK,2019,49.93,73.93,-32.4631408088733,3.32603e+11,49930000,150.118910532978
DNK,2020,47.62,73.93,-35.5877181117273,3.25968e+11,47620000,146.087959554312
DNK,2021,47.97,73.93,-35.1142973082646,3.41797e+11,47970000,140.346462959008
ESP,2005,394.38,394.38,0,1.14135e+12,394380000,345.538178472861
ESP,2006,385.34,394.38,-2.29220548709367,1.18817e+12,385340000,324.313860811163
ESP,2007,398.66,394.38,1.08524773061515,1.231e+12,398660000,323.850528025995
ESP,2008,365.12,394.38,-7.41924032658857,1.24192e+12,365120000,293.996392682298
ESP,2009,328.16,394.38,-16.7909123180689,1.19519e+12,328160000,274.567223621349
ESP,2010,310.51,394.38,-21.2662913940869,1.19714e+12,310510000,259.376514025093
ESP,2011,311.07,394.38,-21.124296363913,1.18739e+12,311070000,261.977951641836
ESP,2012,306.46,394.38,-22.2932197373092,1.15225e+12,306460000,265.966587112172
ESP,2013,280.19,394.38,-28.9543080277905,1.13608e+12,280190000,246.628758538131
ESP,2014,279.8,394.38,-29.0531974238045,1.15194e+12,279800000,242.894595204611
ESP,2015,289.06,394.38,-26.7052081748567,1.19616e+12,289060000,241.656634563938
ESP,2016,276.86,394.38,-29.7986713322177,1.23249e+12,276860000,224.634682634342
ESP,2017,289.4,394.38,-26.6189969065369,1.26917e+12,289400000,228.023038678822
ESP,2018,282.77,394.38,-28.3001166387748,1.29816e+12,282770000,217.823688913539
ESP,2019,264.58,394.38,-32.9124194938892,1.32392e+12,264580000,199.845912139706
ESP,2020,228.15,394.38,-42.149703331812,1.17398e+12,228150000,194.33891548408
ESP,2021,244.33,394.38,-38.0470612100005,1.23878e+12,244330000,197.234375756793
EST,2005,16.39,16.39,0,19822237764,16390000,826.849127486836
EST,2006,14.16,16.39,-13.6058572300183,21757994919,14160000,650.795261820513
EST,2007,18.15,16.39,10.738255033557,23407063928,18150000,775.406947912361
EST,2008,14.78,16.39,-9.82306284319708,22205813183,14780000,665.591477249527
EST,2009,11.71,16.39,-28.5539963392312,18957312552,11710000,617.703588938538
EST,2010,15.63,16.39,-4.63697376449054,19420679530,15630000,804.812209369689
EST,2011,15.88,16.39,-3.11165344722392,20831219911,15880000,762.317332726851
EST,2012,16.4,16.39,0.0610128126906529,21503693455,16400000,762.659681431922
EST,2013,19.16,16.39,16.9005491153142,21817309478,19160000,878.20177915707
EST,2014,20.78,16.39,26.784624771202,22474308646,20780000,924.611311845557
EST,2015,17.19,16.39,4.88102501525321,22890762090,17190000,750.957959914737
EST,2016,19.45,16.39,18.6699206833435,23613094924,19450000,823.69549873072
EST,2017,21.17,16.39,29.1641244661379,24980775932,21170000,847.451658732568
EST,2018,22.29,16.39,35.9975594874924,25926098667,22290000,859.751414445236
EST,2019,15.69,16.39,-4.27089688834656,26895658711,15690000,583.365522614361
EST,2020,13.92,16.39,-15.0701647345943,26747463293,13920000,520.423183593749
EST,2021,15.5,16.39,-5.43014032946919,28890861347,15500000,536.501830590437
EUA,2005,4195.19,4195.19,0,1.22763e+13,4195190000,341.73081465914
EUA,2006,4182.11,4195.19,-0.311785640221299,1.27052e+13,4182110000,329.165223687939
EUA,2007,4197.69,4195.19,0.0595920566172212,1.31061e+13,4197690000,320.285210703413
EUA,2008,4059.81,4195.19,-3.22702904993575,1.31901e+13,4059810000,307.792207792208
EUA,2009,3742.01,4195.19,-10.8023712871169,1.26165e+13,3742010000,296.596520429596
EUA,2010,3824.2,4195.19,-8.84322283376915,1.28973e+13,3824200000,296.511672985819
EUA,2011,3718.75,4195.19,-11.3568157818835,1.31415e+13,3718750000,282.977590077236
EUA,2012,3649.08,4195.19,-13.0175272156923,1.30495e+13,3649080000,279.633702440707
EUA,2013,3562.59,4195.19,-15.0791740064216,1.30386e+13,3562590000,273.234089549492
EUA,2014,3436.53,4195.19,-18.0840438692884,1.32469e+13,3436530000,259.421449546686
EUA,2015,3486.64,4195.19,-16.8895806864528,1.35525e+13,3486640000,257.269138535326
EUA,2016,3492.92,4195.19,-16.7398854402304,1.38205e+13,3492920000,252.734705690822
EUA,2017,3582.98,4195.19,-14.5931411926516,1.42127e+13,3582980000,252.097068115137
EUA,2018,3489.87,4195.19,-16.8125877493034,1.45064e+13,3489870000,240.574505046049
EUA,2019,3340.94,4195.19,-20.3626057461045,1.47682e+13,3340940000,226.225267805149
EUA,2020,3059.43,4195.19,-27.07290968943,1.39298e+13,3059430000,219.632011945613
EUA,2021,3238.41,4195.19,-22.8065951720899,1.46809e+13,3238410000,220.586612537379
FIN,2005,41.26,41.26,0,2.2312e+11,41260000,184.922911437791
FIN,2006,48.76,41.26,18.1774115365972,2.32106e+11,48760000,210.076430596365
FIN,2007,56.73,41.26,37.4939408628211,2.44406e+11,56730000,232.11377789416
FIN,2008,46,41.26,11.4881240911294,2.46322e+11,4.6e+07,186.747428163136
FIN,2009,30.14,41.26,-26.9510421715948,2.26433e+11,30140000,133.107806724285
FIN,2010,49.53,41.26,20.0436257876878,2.33647e+11,49530000,211.986458204043
FIN,2011,42.51,41.26,3.02956858943287,2.39599e+11,42510000,177.421441658772
FIN,2012,35.21,41.26,-14.6631119728551,2.36251e+11,35210000,149.036406195106
FIN,2013,42.43,41.26,2.83567619970917,2.34121e+11,42430000,181.231072821319
FIN,2014,37.76,41.26,-8.48279205041202,2.33266e+11,37760000,161.875284010529
FIN,2015,38.31,41.26,-7.14978187106155,2.34534e+11,38310000,163.345186625393
FIN,2016,44.42,41.26,7.65874939408629,2.41128e+11,44420000,184.217511031485
FIN,2017,44.01,41.26,6.6650508967523,2.48826e+11,44010000,176.870584263702
FIN,2018,54.15,41.26,31.2409112942317,2.51662e+11,54150000,215.1695528129
FIN,2019,46.01,41.26,11.5123606398449,2.54744e+11,46010000,180.61269352762
FIN,2020,38.64,41.26,-6.34997576345128,2.49127e+11,38640000,155.101614839018
FIN,2021,48.29,41.26,17.0382937469704,2.56534e+11,48290000,188.240155301052
GBR,2005,703.08,703.08,0,2.59992e+12,703080000,270.42370534478
GBR,2006,695.27,703.08,-1.11082664846107,2.65609e+12,695270000,261.764473342394
GBR,2007,682.76,703.08,-2.89014052454913,2.72418e+12,682760000,250.629547239903
GBR,2008,660.63,703.08,-6.03771974739717,2.71997e+12,660630000,242.881355309066
GBR,2009,603.72,703.08,-14.1321044546851,2.59729e+12,603720000,232.442276372681
GBR,2010,617.48,703.08,-12.1750014223133,2.66041e+12,617480000,232.099563601099
GBR,2011,571.39,703.08,-18.7304431928088,2.68881e+12,571390000,212.506647922315
GBR,2012,587.66,703.08,-16.4163395346191,2.72776e+12,587660000,215.436841950905
GBR,2013,573.32,703.08,-18.4559367355066,2.7774e+12,573320000,206.423273565205
GBR,2014,532.32,703.08,-24.2874210616146,2.86627e+12,532320000,185.718721544028
GBR,2015,514.97,703.08,-26.7551345508335,2.93486e+12,514970000,175.466632139182
GBR,2016,489.46,703.08,-30.3834556522729,2.9984e+12,489460000,163.240394877268
GBR,2017,477.76,703.08,-32.047562155089,3.07167e+12,477760000,155.537541467671
GBR,2018,469.38,703.08,-33.2394606588155,3.12404e+12,469380000,150.247756110677
GBR,2019,455.06,703.08,-35.2762132332025,3.17416e+12,455060000,143.363913602339
GBR,2020,410.22,703.08,-41.6538658474142,2.82403e+12,410220000,145.26049652447
GBR,2021,430.65,703.08,-38.7480798771121,3.03653e+12,430650000,141.823067778023
GRC,2005,133.22,133.22,0,2.43759e+11,133220000,546.523410417667
GRC,2006,129.68,133.22,-2.65725866986938,2.57538e+11,129680000,503.537342062142
GRC,2007,133.58,133.22,0.270229695240965,2.65969e+11,133580000,502.23898273859
GRC,2008,129.16,133.22,-3.0475904518841,2.65077e+11,129160000,487.254646763016
GRC,2009,121.84,133.22,-8.54226092178351,2.53677e+11,121840000,480.295809237731
GRC,2010,115.77,133.22,-13.098633838763,2.3978e+11,115770000,482.817582784219
GRC,2011,112.68,133.22,-15.4181053895811,2.15444e+11,112680000,523.012940717774
GRC,2012,109.38,133.22,-17.8952109292899,2.00176e+11,109380000,546.419151146991
GRC,2013,101.24,133.22,-24.0054045939048,1.9514e+11,101240000,518.807010351542
GRC,2014,99.23,133.22,-25.5141870590002,1.96068e+11,99230000,506.099924515984
GRC,2015,91.71,133.22,-31.1589851373668,1.95684e+11,91710000,468.663764027718
GRC,2016,88.2,133.22,-33.7937246659661,1.9473e+11,88200000,452.934832845478
GRC,2017,92,133.22,-30.9413001050893,1.96857e+11,9.2e+07,467.344315924758
GRC,2018,87.91,133.22,-34.0114096982435,2.00141e+11,87910000,439.240335563428
GRC,2019,80.75,133.22,-39.3859780813692,2.03913e+11,80750000,396.002216631603
GRC,2020,70.05,133.22,-47.4178051343642,1.85552e+11,70050000,377.522204018281
GRC,2021,72.01,133.22,-45.9465545713857,2.01203e+11,72010000,357.897248052961
HRV,2005,21.91,21.91,0,49172617037,21910000,445.573193379433
HRV,2006,22.5,21.91,2.69283432222729,51575652379,22500000,436.252358664518
HRV,2007,25.08,21.91,14.4682793245093,54155008741,25080000,463.115057740029
HRV,2008,23.93,21.91,9.21953445915107,55239118377,23930000,433.207493223928
HRV,2009,21.64,21.91,-1.23231401186673,51265522910,21640000,422.116049376702
HRV,2010,21.28,21.91,-2.87539936102236,50638145960,21280000,420.236554806123
HRV,2011,22.25,21.91,1.5518028297581,50594286348,22250000,439.772978453713
HRV,2012,20.93,21.91,-4.47284345047924,49414598779,20930000,423.559039578699
HRV,2013,18.74,21.91,-14.4682793245094,49218013834,18740000,380.75490130921
HRV,2014,18.15,21.91,-17.1611136467367,49006691082,18150000,370.357589938702
HRV,2015,18.91,21.91,-13.6923779096303,50242783066,18910000,376.372462790515
HRV,2016,19.13,21.91,-12.6882701962574,52031104329,19130000,367.664693008211
HRV,2017,20.81,21.91,-5.02053856686445,53806649022,20810000,386.755175768173
HRV,2018,19.1,21.91,-12.8251939753537,55313599035,19100000,345.30387342748
HRV,2019,19.06,21.91,-13.0077590141488,57205880317,19060000,333.182531138078
HRV,2020,18.24,21.91,-16.7503423094478,52297419558,18240000,348.774378433167
HRV,2021,18.64,21.91,-14.924691921497,59133845411,18640000,315.217112475026
HUN,2005,70.96,70.96,0,1.13768e+11,70960000,623.725476408129
HUN,2006,71.61,70.96,0.916009019165735,1.18257e+11,71610000,605.545549100688
HUN,2007,69.62,70.96,-1.88838782412625,1.18586e+11,69620000,587.084478774898
HUN,2008,65.89,70.96,-7.14487034949266,1.19776e+11,65890000,550.110205717339
HUN,2009,61.31,70.96,-13.5992108229989,1.11873e+11,61310000,548.032143591394
HUN,2010,61.7,70.96,-13.0496054114994,1.13077e+11,61700000,545.645887315723
HUN,2011,60.69,70.96,-14.4729425028185,1.15188e+11,60690000,526.87779977081
HUN,2012,56.79,70.96,-19.9689966178128,1.13748e+11,56790000,499.261525477371
HUN,2013,54.59,70.96,-23.0693348365276,1.15799e+11,54590000,471.420305874835
HUN,2014,53.89,70.96,-24.0558060879369,1.20699e+11,53890000,446.482572349398
HUN,2015,56.51,70.96,-20.3635851183765,1.25174e+11,56510000,451.451579401473
HUN,2016,58.13,70.96,-18.0806087936866,1.27929e+11,58130000,454.392670934659
HUN,2017,59.71,70.96,-15.8540022547914,1.33394e+11,59710000,447.621332293806
HUN,2018,60.22,70.96,-15.1352874859075,1.40547e+11,60220000,428.468768454681
HUN,2019,59.38,70.96,-16.3190529875986,1.47375e+11,59380000,402.917726887193
HUN,2020,55.86,70.96,-21.2795941375423,1.40673e+11,55860000,397.091126228914
HUN,2021,57.02,70.96,-19.6448703494927,1.50686e+11,57020000,378.402771325803
IRL,2005,79.22,79.22,0,2.07798e+11,79220000,381.235623057007
IRL,2006,78.63,79.22,-0.744761423882862,2.18163e+11,78630000,360.418586103051
IRL,2007,76.43,79.22,-3.52183791971723,2.29747e+11,76430000,332.670285139741
IRL,2008,75.44,79.22,-4.77152234284272,2.19445e+11,75440000,343.776344870013
IRL,2009,69.09,79.22,-12.7871749558192,2.08263e+11,69090000,331.743996773311
IRL,2010,70.09,79.22,-11.5248674577127,2.11768e+11,70090000,330.975407049224
IRL,2011,65.03,79.22,-17.9121433981318,2.13534e+11,65030000,304.541665495893
IRL,2012,65.43,79.22,-17.4072203988892,2.13522e+11,65430000,306.432124090258
IRL,2013,66,79.22,-16.6877051249684,2.15926e+11,6.6e+07,305.660272500764
IRL,2014,65.05,79.22,-17.8868972481697,2.34602e+11,65050000,277.278113571069
IRL,2015,67.98,79.22,-14.1883362787175,2.91775e+11,67980000,232.987747408106
IRL,2016,69.04,79.22,-12.8502903307246,2.9763e+11,69040000,231.965863656217
IRL,2017,70.86,79.22,-10.5528906841707,3.24433e+11,70860000,218.411813841379
IRL,2018,70,79.22,-11.6384751325423,3.52099e+11,7e+07,198.807721691911
IRL,2019,67.82,79.22,-14.3903054784146,3.71256e+11,67820000,182.677182321633
IRL,2020,66.1,79.22,-16.5614743751578,3.94217e+11,66100000,167.674149009302
IRL,2021,69.45,79.22,-12.3327442565009,4.47784e+11,69450000,155.097100387687
ISL,2005,13.69,13.69,0,14495683158,13690000,944.419097105103
ISL,2006,14.32,13.69,4.6018991964938,15411374461,14320000,929.183833423694
ISL,2007,14.53,13.69,6.13586559532505,16714384610,14530000,869.311095743656
ISL,2008,14.95,13.69,9.20379839298758,17083688340,14950000,875.103765794875
ISL,2009,14.63,13.69,6.86632578524471,15774426999,14630000,927.450486849852
ISL,2010,14.5,13.69,5.91672753834916,15327572988,14500000,946.007565017116
ISL,2011,14.26,13.69,4.163623082542,15610486136,14260000,913.488527888597
ISL,2012,14.25,13.69,4.09057706355004,15776524981,14250000,903.240733758643
ISL,2013,14.24,13.69,4.01753104455808,16494745020,14240000,863.305251626133
ISL,2014,14.22,13.69,3.87143900657415,16773046836,14220000,847.788725509286
ISL,2015,14.28,13.69,4.30971512052593,17517210519,14280000,815.198286537188
ISL,2016,14.19,13.69,3.65230094959825,18621440660,14190000,762.024821768006
ISL,2017,14.24,13.69,4.01753104455808,19402600567,14240000,733.922236394406
ISL,2018,14.28,13.69,4.30971512052593,20351154563,14280000,701.680091701636
ISL,2019,14.13,13.69,3.21402483564647,20842727765,14130000,677.934297243363
ISL,2020,13.94,13.69,1.82615047479912,19416606632,13940000,717.942133978543
ISL,2021,14.06,13.69,2.70270270270271,20271528518,14060000,693.58361346632
ITA,2005,558.64,558.64,0,1.92794e+12,558640000,289.760054773489
ITA,2006,547.69,558.64,-1.96011742803951,1.96246e+12,547690000,279.083395330351
ITA,2007,565.39,558.64,1.20829156522984,1.99164e+12,565390000,283.881625193308
ITA,2008,534.33,558.64,-4.35163969640555,1.97248e+12,534330000,270.892480532122
ITA,2009,476.31,558.64,-14.7375769726479,1.86832e+12,476310000,254.940267191916
ITA,2010,481.78,558.64,-13.7584132894172,1.90033e+12,481780000,253.524387869475
ITA,2011,476.48,558.64,-14.7071459258198,1.91377e+12,476480000,248.974537170088
ITA,2012,467.04,558.64,-16.3969640555635,1.85672e+12,467040000,251.540350726012
ITA,2013,415.24,558.64,-25.6694830302162,1.82254e+12,415240000,227.835877401868
ITA,2014,393.48,558.64,-29.5646570242016,1.82245e+12,393480000,215.90715794672
ITA,2015,401.77,558.64,-28.0806959759416,1.83664e+12,401770000,218.752722362575
ITA,2016,399.8,558.64,-28.4333381068309,1.86039e+12,399800000,214.901176635007
ITA,2017,414.04,558.64,-25.8842904195904,1.89142e+12,414040000,218.904315276353
ITA,2018,388.46,558.64,-30.463267936417,1.90893e+12,388460000,203.496199441572
ITA,2019,380.44,558.64,-31.8988973220679,1.91816e+12,380440000,198.335905242524
ITA,2020,352.43,558.64,-36.9128598023772,1.74476e+12,352430000,201.993397372705
ITA,2021,390.12,558.64,-30.1661177144494,1.86231e+12,390120000,209.481772637209
JPN,2005,1288.62,1288.62,0,4.2291e+12,1288620000,304.703128325176
JPN,2006,1272.11,1288.62,-1.28121556393661,4.28714e+12,1272110000,296.726955499471
JPN,2007,1311.4,1288.62,1.76778258912637,4.35076e+12,1311400000,301.41860272688
JPN,2008,1248.4,1288.62,-3.12116838167961,4.29749e+12,1248400000,290.49514949424
JPN,2009,1179.54,1288.62,-8.46486939516692,4.05283e+12,1179540000,291.041075001912
JPN,2010,1229.19,1288.62,-4.61191041579363,4.21891e+12,1229190000,291.352505742004
JPN,2011,1281.62,1288.62,-0.543216774533998,4.21991e+12,1281620000,303.707898983628
JPN,2012,1321.7,1288.62,2.56708727165496,4.27793e+12,1321700000,308.957837084758
JPN,2013,1340.7,1288.62,4.04153280253295,4.3637e+12,1340700000,307.239269427321
JPN,2014,1294.78,1288.62,0.478030761589924,4.37663e+12,1294780000,295.839492943201
JPN,2015,1261.7,1288.62,-2.08905651006502,4.44493e+12,1261700000,283.851489224802
JPN,2016,1247.86,1288.62,-3.16307367571511,4.47844e+12,1247860000,278.637204026402
JPN,2017,1230.49,1288.62,-4.51102730052303,4.55347e+12,1230490000,270.231274171127
JPN,2018,1186.91,1288.62,-7.89293973397897,4.58006e+12,1186910000,259.147260079562
JPN,2019,1157.04,1288.62,-10.2109233133119,4.56905e+12,1157040000,253.234260951401
JPN,2020,1093.34,1288.62,-15.1541959615713,4.36313e+12,1093340000,250.586161769189
JPN,2021,1116.4,1288.62,-13.3646847014636,4.43543e+12,1116400000,251.700511562577
KAZ,2005,370.63,370.63,0,1.08382e+11,370630000,3419.66378180879
KAZ,2006,398.01,370.63,7.38742141758627,1.19979e+11,398010000,3317.33053284325
KAZ,2007,388.64,370.63,4.85929363516175,1.30657e+11,388640000,2974.50576700827
KAZ,2008,378.44,370.63,2.10722283679141,1.34969e+11,378440000,2803.90311849388
KAZ,2009,365.39,370.63,-1.41380891994712,1.36589e+11,365390000,2675.10560879719
KAZ,2010,381.41,370.63,2.90856109866984,1.4656e+11,381410000,2602.4153930131
KAZ,2011,355.24,370.63,-4.15238917518819,1.57405e+11,355240000,2256.85334010991
KAZ,2012,346.19,370.63,-6.59417748158541,1.6496e+11,346190000,2098.62997090204
KAZ,2013,340,370.63,-8.26430672098859,1.74858e+11,3.4e+08,1944.43491290075
KAZ,2014,361.65,370.63,-2.42290154601625,1.82202e+11,361650000,1984.8849079593
KAZ,2015,367.7,370.63,-0.790545827375012,1.84388e+11,367700000,1994.16447925028
KAZ,2016,365.83,370.63,-1.29509214040958,1.86417e+11,365830000,1962.42831930564
KAZ,2017,391.86,370.63,5.72808461268651,1.9406e+11,391860000,2019.27238998248
KAZ,2018,404.5,370.63,9.13849391576505,2.02016e+11,404500000,2002.31664818628
KAZ,2019,367.06,370.63,-0.963224779429618,2.11107e+11,367060000,1738.7391228145
KAZ,2020,342.1,370.63,-7.69770390955939,2.05829e+11,342100000,1662.05928221971
KAZ,2021,340.84,370.63,-8.03766559641692,2.1468e+11,340840000,1587.66536239985
LIE,2005,0.27,0.27,0,,270000,
LIE,2006,0.28,0.27,3.70370370370371,,280000,
LIE,2007,0.26,0.27,-3.70370370370371,,260000,
LIE,2008,0.28,0.27,3.70370370370371,,280000,
LIE,2009,0.27,0.27,0,,270000,
LIE,2010,0.25,0.27,-7.40740740740741,,250000,
LIE,2011,0.24,0.27,-11.1111111111111,,240000,
LIE,2012,0.25,0.27,-7.40740740740741,,250000,
LIE,2013,0.25,0.27,-7.40740740740741,,250000,
LIE,2014,0.22,0.27,-18.5185185185185,,220000,
LIE,2015,0.21,0.27,-22.2222222222222,6268391521,210000,33.5014172768996
LIE,2016,0.2,0.27,-25.9259259259259,,2e+05,
LIE,2017,0.21,0.27,-22.2222222222222,,210000,
LIE,2018,0.2,0.27,-25.9259259259259,,2e+05,
LIE,2019,0.2,0.27,-25.9259259259259,,2e+05,
LIE,2020,0.19,0.27,-29.6296296296296,,190000,
LIE,2021,0.18,0.27,-33.3333333333333,,180000,
LTU,2005,18.29,18.29,0,32449428669,18290000,563.646287476027
LTU,2006,19.03,18.29,4.04592673592128,34855268684,19030000,545.971978369386
LTU,2007,19.2,18.29,4.97539639147075,38726810731,19200000,495.780562292231
LTU,2008,17.58,18.29,-3.8819026790596,39739293391,17580000,442.383306291537
LTU,2009,12.57,18.29,-31.273920174959,33842535274,12570000,371.426073674128
LTU,2010,10.38,18.29,-43.2476763258611,34401356974,10380000,301.732283637679
LTU,2011,10.54,18.29,-42.3728813559322,36478857729,10540000,288.934485786294
LTU,2012,10.89,18.29,-40.4592673592127,37881055682,10890000,287.478788643544
LTU,2013,10.37,18.29,-43.3023510114817,39225860753,10370000,264.366410345932
LTU,2014,11.07,18.29,-39.4751230180426,40613283323,11070000,272.570920010569
LTU,2015,12.2,18.29,-33.2968835429196,41435533340,12200000,294.433280245066
LTU,2016,13.08,18.29,-28.4855112083106,42479223269,13080000,307.915234635313
LTU,2017,13.79,18.29,-24.603608529251,44298437190,13790000,311.297663636607
LTU,2018,14.43,18.29,-21.1044286495353,46067411257,14430000,313.236615782428
LTU,2019,14.36,18.29,-21.4871514488792,48198076541,14360000,297.937200622199
LTU,2020,13.53,18.29,-26.0251503553855,48187587207,13530000,280.777701981197
LTU,2021,14.16,18.29,-22.5806451612903,51069702272,14160000,277.268113383216
LUX,2005,12.43,12.43,0,47084244317,12430000,263.994892140853
LUX,2006,12.34,12.43,-0.72405470635559,49917169128,12340000,247.209531621418
LUX,2007,11.84,12.43,-4.74658085277554,53959794735,11840000,219.42262860982
LUX,2008,11.72,12.43,-5.71198712791632,53797820276,11720000,217.85269254168
LUX,2009,11.16,12.43,-10.2172164119067,52055333610,11160000,214.387253448629
LUX,2010,11.95,12.43,-3.86162510056316,54012829451,11950000,221.243732673567
LUX,2011,11.74,12.43,-5.55108608205953,54576884724,11740000,215.109383017558
LUX,2012,11.44,12.43,-7.96460176991151,55477349853,11440000,206.210282760675
LUX,2013,10.77,12.43,-13.3547868061142,57236975164,10770000,188.165079813196
LUX,2014,10.36,12.43,-16.6532582461786,58738350256,10360000,176.375399629848
LUX,2015,9.94,12.43,-20.0321802091714,60071584216,9940000,165.469250224177
LUX,2016,9.61,12.43,-22.6870474658085,63062062077,9610000,152.389561702978
LUX,2017,9.88,12.43,-20.5148833467418,63892707778,9880000,154.634235167005
LUX,2018,10.32,12.43,-16.9750603378922,64671765569,10320000,159.575046532313
LUX,2019,10.38,12.43,-16.4923572003218,66172102156,10380000,156.863688197925
LUX,2020,8.58,12.43,-30.9734513274336,65644422263,8580000,130.704174158542
LUX,2021,8.79,12.43,-29.2839903459373,68993899663,8790000,127.402568095653
LVA,2005,5.06,5.06,0,23566610772,5060000,214.710551676438
LVA,2006,4.74,5.06,-6.32411067193675,26387966693,4740000,179.627329954808
LVA,2007,5.62,5.06,11.0671936758893,29011437660,5620000,193.716701180537
LVA,2008,4.77,5.06,-5.73122529644269,28068821027,4770000,169.939449733626
LVA,2009,6.98,5.06,37.9446640316206,24066167842,6980000,290.033712297917
LVA,2010,9.83,5.06,94.2687747035573,22993883547,9830000,427.50499192132
LVA,2011,8.64,5.06,70.7509881422925,23585679970,8640000,366.323973317272
LVA,2012,7.1,5.06,40.3162055335968,25246641848,7100000,281.225520714647
LVA,2013,8.3,5.06,64.0316205533597,25753586055,8300000,322.285214271687
LVA,2014,12.12,5.06,139.525691699605,26243463734,12120000,461.829281486872
LVA,2015,10.9,5.06,115.415019762846,27263090547,10900000,399.807937446014
LVA,2016,9.08,5.06,79.4466403162056,27908848130,9080000,325.344849694447
LVA,2017,7.67,5.06,51.5810276679842,28833322008,7670000,266.011665179333
LVA,2018,10.66,5.06,110.671936758893,29984306272,10660000,355.519314113815
LVA,2019,8.84,5.06,74.703557312253,30754814156,8840000,287.434674622327
LVA,2020,11.28,5.06,122.924901185771,30077290109,11280000,375.033786591854
LVA,2021,13.12,5.06,159.288537549407,31300856487,13120000,419.157859320848
MLT,2005,3,3,0,7323088872,3e+06,409.663197106698
MLT,2006,3.05,3,1.66666666666666,7506934428,3050000,406.291013895613
MLT,2007,3.14,3,4.66666666666667,7865416620,3140000,399.215979483614
MLT,2008,3.03,3,0.999999999999993,8166315322,3030000,371.036370814289
MLT,2009,2.9,3,-3.33333333333334,8073782314,2900000,359.187291310961
MLT,2010,2.97,3,-0.999999999999993,8521358038,2970000,348.535994703618
MLT,2011,2.96,3,-1.33333333333333,8561078442,2960000,345.750832684638
MLT,2012,3.12,3,4,8913680240,3120000,350.023774242994
MLT,2013,2.8,3,-6.66666666666667,9401531122,2800000,297.823829296047
MLT,2014,2.8,3,-6.66666666666667,10119161212,2800000,276.702776182631
MLT,2015,2.13,3,-29,11091423499,2130000,192.040273296934
MLT,2016,1.84,3,-38.6666666666667,11466437368,1840000,160.468325160436
MLT,2017,2.03,3,-32.3333333333333,12719183402,2030000,159.60144105484
MLT,2018,2.04,3,-32,13503827804,2040000,151.068277055171
MLT,2019,2.16,3,-28,14302895817,2160000,151.018369121635
MLT,2020,2.12,3,-29.3333333333333,13112282259,2120000,161.680473172005
MLT,2021,2.13,3,-29,14462554089,2130000,147.27689085153
NLD,2005,220.43,220.43,0,6.88727e+11,220430000,320.054245005641
NLD,2006,215.28,220.43,-2.33634260309396,7.12564e+11,215280000,302.120230603848
NLD,2007,213.48,220.43,-3.15292836728214,7.39448e+11,213480000,288.701842455453
NLD,2008,213.35,220.43,-3.21190400580684,7.55497e+11,213350000,282.396885758646
NLD,2009,207.65,220.43,-5.79775892573606,7.27793e+11,207650000,285.314643037237
NLD,2010,219.33,220.43,-0.49902463367055,7.37566e+11,219330000,297.369998074749
NLD,2011,205.57,220.43,-6.7413691421313,7.49007e+11,205570000,274.456714022699
NLD,2012,201.55,220.43,-8.56507734881822,7.41289e+11,201550000,271.891259684145
NLD,2013,200.78,220.43,-8.91439459238761,7.40324e+11,200780000,271.205580259454
NLD,2014,192.5,220.43,-12.6706891076532,7.50862e+11,192500000,256.372009770104
NLD,2015,199.42,220.43,-9.53137050310757,7.65573e+11,199420000,260.48463046633
NLD,2016,199.77,220.43,-9.37258993784875,7.82352e+11,199770000,255.345419964415
NLD,2017,196.08,220.43,-11.0465907544345,8.05125e+11,196080000,243.53982300885
NLD,2018,190.94,220.43,-13.3783967699496,8.24134e+11,190940000,231.685623939796
NLD,2019,185.11,220.43,-16.0232273284036,8.4025e+11,185110000,220.303481106813
NLD,2020,168.51,220.43,-23.5539627092501,8.07598e+11,168510000,208.655791619098
NLD,2021,171.47,220.43,-22.2111327859184,8.46873e+11,171470000,202.474278906046
NOR,2005,34.13,34.13,0,3.3767e+11,34130000,101.075014066988
NOR,2006,32.23,34.13,-5.56694989745094,3.45774e+11,32230000,93.2111726156391
NOR,2007,33.8,34.13,-0.966891297978334,3.56127e+11,33800000,94.9099618956159
NOR,2008,31.07,34.13,-8.96571930852623,3.57823e+11,31070000,86.8306397296988
NOR,2009,25.3,34.13,-25.8716671549956,3.51644e+11,25300000,71.9477653535963
NOR,2010,31.09,34.13,-8.90711983592149,3.54112e+11,31090000,87.7970811494668
NOR,2011,28.83,34.13,-15.5288602402579,3.57587e+11,28830000,80.6237363215106
NOR,2012,31.97,34.13,-6.32874304131264,3.67253e+11,31970000,87.0517055000232
NOR,2013,31.67,34.13,-7.20773513038383,3.71051e+11,31670000,85.3521483569644
NOR,2014,35.7,34.13,4.60005859947261,3.78359e+11,35700000,94.3548323153407
NOR,2015,40.98,34.13,20.0703193671257,3.85802e+11,40980000,106.220289163872
NOR,2016,40.13,34.13,17.579841781424,3.89936e+11,40130000,102.914324401953
NOR,2017,40.23,34.13,17.8728391444477,3.98995e+11,40230000,100.828331182095
NOR,2018,39.42,34.13,15.4995605039555,4.03459e+11,39420000,97.7050951893501
NOR,2019,35.67,34.13,4.51215939056548,4.06468e+11,35670000,87.7559857110523
NOR,2020,30.04,34.13,-11.9835921476707,4.03553e+11,30040000,74.4387973822522
NOR,2021,33.4,34.13,-2.13888075007326,4.19215e+11,33400000,79.6727216344835
NZL,2005,56.45,56.45,0,1.449e+11,56450000,389.579020013803
NZL,2006,58.52,56.45,3.66696191319752,1.49075e+11,58520000,392.554083515009
NZL,2007,58.06,56.45,2.85208148804251,1.53589e+11,58060000,378.021863544915
NZL,2008,49.98,56.45,-11.4614703277237,1.51882e+11,49980000,329.071252683004
NZL,2009,48.42,56.45,-14.2249778565102,1.51676e+11,48420000,319.23310213877
NZL,2010,48.1,56.45,-14.7918511957485,1.53988e+11,48100000,312.36200223394
NZL,2011,47.61,56.45,-15.659875996457,1.57455e+11,47610000,302.37210631609
NZL,2012,52.54,56.45,-6.92648361381754,1.6099e+11,52540000,326.355674265482
NZL,2013,52.22,56.45,-7.49335695305581,1.6533e+11,52220000,315.853142200448
NZL,2014,52.79,56.45,-6.48361381753765,1.71638e+11,52790000,307.565923629965
NZL,2015,52.64,56.45,-6.74933569530558,1.78064e+11,52640000,295.624045287088
NZL,2016,50.84,56.45,-9.93799822852081,1.84773e+11,50840000,275.148425365178
NZL,2017,54.03,56.45,-4.28697962798937,1.91385e+11,54030000,282.310525903284
NZL,2018,54.69,56.45,-3.11780336581046,1.97814e+11,54690000,276.471837180382
NZL,2019,56.07,56.45,-0.673162090345443,2.02151e+11,56070000,277.36691878843
NZL,2020,54.09,56.45,-4.1806908768822,1.99618e+11,54090000,270.967548016712
NZL,2021,55.75,56.45,-1.24003542958371,2.07032e+11,55750000,269.282043355617
POL,2005,352.69,352.69,0,3.26494e+11,352690000,1080.23424626486
POL,2006,373.23,352.69,5.82381127902691,3.46511e+11,373230000,1077.10866321704
POL,2007,379.42,352.69,7.57889364597806,3.70981e+11,379420000,1022.74779570921
POL,2008,373.02,352.69,5.76426890470384,3.86562e+11,373020000,964.968103434895
POL,2009,355.08,352.69,0.677648926819583,3.9751e+11,355080000,893.26054690448
POL,2010,374.27,352.69,6.11868779948396,4.09175e+11,374270000,914.694201747419
POL,2011,367.38,352.69,4.16513085145595,4.29807e+11,367380000,854.755739203875
POL,2012,359.1,352.69,1.81746009243246,4.36448e+11,359100000,822.778429503629
POL,2013,352.92,352.69,0.065213076639547,4.40186e+11,352920000,801.751986660185
POL,2014,347.58,352.69,-1.44886444186113,4.57076e+11,347580000,760.442464710464
POL,2015,354.25,352.69,0.442314780685589,4.77111e+11,354250000,742.489693174125
POL,2016,357.92,352.69,1.48288865576002,4.91203e+11,357920000,728.660044828717
POL,2017,371.61,352.69,5.36448439139188,5.16451e+11,371610000,719.545513514351
POL,2018,372.26,352.69,5.54878221667753,5.47155e+11,372260000,680.355657903154
POL,2019,368.09,352.69,4.36644078369105,5.71503e+11,368090000,644.073609412374
POL,2020,352.35,352.69,-0.0964019393801852,5.59958e+11,352350000,629.243621843067
POL,2021,379.34,352.69,7.55621083671212,5.98303e+11,379340000,634.026571820633
PRT,2005,89.98,89.98,0,2.01916e+11,89980000,445.630856395729
PRT,2006,79.71,89.98,-11.4136474772172,2.05198e+11,79710000,388.454078499791
PRT,2007,75.83,89.98,-15.7257168259613,2.10341e+11,75830000,360.509838785591
PRT,2008,67.44,89.98,-25.0500111135808,2.11013e+11,67440000,319.601162013715
PRT,2009,63.45,89.98,-29.484329851078,2.04425e+11,63450000,310.382780971016
PRT,2010,62.97,89.98,-30.0177817292732,2.07977e+11,62970000,302.7738644177
PRT,2011,65.01,89.98,-27.7506112469438,2.04449e+11,65010000,317.976610303792
PRT,2012,64.89,89.98,-27.8839742164926,1.96154e+11,64890000,330.811505245878
PRT,2013,64.14,89.98,-28.7174927761725,1.94344e+11,64140000,330.033342938295
PRT,2014,58.93,89.98,-34.5076683707491,1.95884e+11,58930000,300.841314247208
PRT,2015,64.4,89.98,-28.4285396754834,1.99394e+11,64400000,322.978625234461
PRT,2016,67.4,89.98,-25.0944654367637,2.03421e+11,67400000,331.332556619032
PRT,2017,92.88,89.98,3.22293843076238,2.10553e+11,92880000,441.124087521907
PRT,2018,64.27,89.98,-28.573016225828,2.16553e+11,64270000,296.786467977816
PRT,2019,59.62,89.98,-33.7408312958435,2.22362e+11,59620000,268.1213516698
PRT,2020,53.32,89.98,-40.7423871971549,2.03905e+11,53320000,261.494323336848
PRT,2021,50.34,89.98,-44.0542342742832,2.15084e+11,50340000,234.048092838147
ROU,2005,117.83,117.83,0,1.34851e+11,117830000,873.779208163084
ROU,2006,119.25,117.83,1.20512602902487,1.45678e+11,119250000,818.586196954928
ROU,2007,121.99,117.83,3.53051005686158,1.56216e+11,121990000,780.905925129308
ROU,2008,118.48,117.83,0.551642196384627,1.70755e+11,118480000,693.859623437088
ROU,2009,99.86,117.83,-15.2507850292795,1.61334e+11,99860000,618.964384444692
ROU,2010,89.43,117.83,-24.1025205804973,1.5504e+11,89430000,576.818885448916
ROU,2011,95.36,117.83,-19.0698463888653,1.62043e+11,95360000,588.485772295008
ROU,2012,90.78,117.83,-22.9568021726216,1.65163e+11,90780000,549.638841629179
ROU,2013,78.75,117.83,-33.1664262072477,1.65608e+11,78750000,475.520506255737
ROU,2014,67.01,117.83,-43.1299329542561,1.72433e+11,67010000,388.614708321493
ROU,2015,66.8,117.83,-43.3081558177035,1.77882e+11,66800000,375.529845628001
ROU,2016,62.75,117.83,-46.7453110413307,1.82965e+11,62750000,342.961768644276
ROU,2017,67.83,117.83,-42.4340151065094,1.97962e+11,67830000,342.64151705883
ROU,2018,71.03,117.83,-39.7182381396928,2.09897e+11,71030000,338.404074379339
ROU,2019,67.54,117.83,-42.6801323941271,2.17985e+11,67540000,309.837832878409
ROU,2020,61.63,117.83,-47.6958329797165,2.09969e+11,61630000,293.519519548124
ROU,2021,66.14,117.83,-43.8682848171094,2.20677e+11,66140000,299.714061728227
RUS,2005,1430.91,1430.91,0,1.05104e+12,1430910000,1361.42297153296
RUS,2006,1490.74,1430.91,4.18125528509829,1.13723e+12,1490740000,1310.85180658266
RUS,2007,1471.16,1430.91,2.8128952904096,1.23389e+12,1471160000,1192.29428879398
RUS,2008,1463.36,1430.91,2.26778763164698,1.29806e+12,1463360000,1127.34388240913
RUS,2009,1255.33,1430.91,-12.2705131699408,1.19681e+12,1255330000,1048.89665026195
RUS,2010,1321.33,1430.91,-7.65806374964185,1.25066e+12,1321330000,1056.50616474501
RUS,2011,1425.39,1430.91,-0.385768496970458,1.30444e+12,1425390000,1092.72178099414
RUS,2012,1439.47,1430.91,0.598220712693317,1.35693e+12,1439470000,1060.82848783651
RUS,2013,1429.17,1430.91,-0.121600939262428,1.38075e+12,1429170000,1035.06789788159
RUS,2014,1380.21,1430.91,-3.54319978195694,1.39092e+12,1380210000,992.300060391683
RUS,2015,1450.05,1430.91,1.33761033188669,1.36348e+12,1450050000,1063.4919470766
RUS,2016,1418.66,1430.91,-0.8560985666464,1.36612e+12,1418660000,1038.45928615349
RUS,2017,1479.74,1430.91,3.41251371504846,1.39106e+12,1479740000,1063.74994608428
RUS,2018,1567.95,1430.91,9.57712225087531,1.43012e+12,1567950000,1096.37652784382
RUS,2019,1586.02,1430.91,10.8399549936753,1.46155e+12,1586020000,1085.16301187096
RUS,2020,1503.8,1430.91,5.09396118553926,1.42262e+12,1503800000,1057.06372748872
RUS,2021,1671.77,1430.91,16.8326449602001,1.49019e+12,1671770000,1121.8502338628
SVK,2005,45.92,45.92,0,61389156293,45920000,748.014841266618
SVK,2006,42.58,45.92,-7.27351916376307,66603045839,42580000,639.31010156696
SVK,2007,41.3,45.92,-10.0609756097561,73817506955,41300000,559.487873590434
SVK,2008,42.91,45.92,-6.5548780487805,77932749070,42910000,550.602930245124
SVK,2009,38.88,45.92,-15.3310104529617,73681102330,38880000,527.679401780199
SVK,2010,40.55,45.92,-11.6942508710802,78629991380,40550000,515.706529891775
SVK,2011,39.28,45.92,-14.4599303135889,80730554470,39280000,486.556796963369
SVK,2012,35.79,45.92,-22.0601045296167,81795230835,35790000,437.556073069795
SVK,2013,34.7,45.92,-24.4337979094077,82312781984,34700000,421.562716793426
SVK,2014,34.91,45.92,-23.9764808362369,84532913950,34910000,412.975234955804
SVK,2015,35.11,45.92,-23.5409407665505,88900883131,35110000,394.93420946408
SVK,2016,35.49,45.92,-22.7134146341463,90629072614,35490000,391.596195088039
SVK,2017,36.69,45.92,-20.1001742160279,93291817009,36690000,393.282081712059
SVK,2018,37.52,45.92,-18.2926829268293,97051840806,37520000,386.597510035898
SVK,2019,34.44,45.92,-25,99497249379,34440000,346.14022211622
SVK,2020,29.49,45.92,-35.7796167247387,96139533846,29490000,306.741657882783
SVK,2021,33.57,45.92,-26.8945993031359,99037470565,33570000,338.962614942467
SVN,2005,13.42,13.42,0,38487919291,13420000,348.680839266313
SVN,2006,13.59,13.42,1.26676602086438,40699587892,13590000,333.910014913721
SVN,2007,13.46,13.42,0.298062593144567,43540484554,13460000,309.137579378718
SVN,2008,14.44,13.42,7.60059612518629,45068686557,14440000,320.399840845977
SVN,2009,12.33,13.42,-8.12220566318927,41666704789,12330000,295.919729252387
SVN,2010,12.63,13.42,-5.88673621460506,42226600498,12630000,299.10056341377
SVN,2011,12.65,13.42,-5.73770491803278,42590309919,12650000,297.015918035306
SVN,2012,12.08,13.42,-9.98509687034277,41466164772,12080000,291.321854008476
SVN,2013,13.07,13.42,-2.6080476900149,41039360682,13070000,318.474746750442
SVN,2014,17.44,13.42,29.9552906110283,42175395369,17440000,413.511239133963
SVN,2015,17.72,13.42,32.0417287630402,43107506024,17720000,411.065302412402
SVN,2016,18.75,13.42,39.7168405365127,44483434041,18750000,421.505227827471
SVN,2017,18.82,13.42,40.2384500745157,46625480708,18820000,403.641951015228
SVN,2018,18.74,13.42,39.6423248882265,48702350150,18740000,384.78635922665
SVN,2019,13.86,13.42,3.27868852459016,50383106848,13860000,275.092205842208
SVN,2020,12.83,13.42,-4.39642324888226,48205866431,12830000,266.150179426074
SVN,2021,13,13.42,-3.12965722801788,52164080297,1.3e+07,249.213633710851
SWE,2005,23.16,23.16,0,4.15273e+11,23160000,55.7705413065622
SWE,2006,15.77,23.16,-31.9084628670121,4.34637e+11,15770000,36.283151227346
SWE,2007,16.72,23.16,-27.8065630397237,4.49585e+11,16720000,37.1898528643082
SWE,2008,14.59,23.16,-37.0034542314335,4.47559e+11,14590000,32.5990539794753
SWE,2009,10.48,23.16,-54.7495682210708,4.28136e+11,10480000,24.4782031877721
SWE,2010,14.09,23.16,-39.1623488773748,4.53619e+11,14090000,31.0613091603306
SWE,2011,8.84,23.16,-61.8307426597582,4.68114e+11,8840000,18.8842888698052
SWE,2012,5.86,23.16,-74.6977547495682,4.6536e+11,5860000,12.5924015815713
SWE,2013,6.02,23.16,-74.006908462867,4.70887e+11,6020000,12.7843835145162
SWE,2014,5.8,23.16,-74.9568221070812,4.83402e+11,5800000,11.9982954145825
SWE,2015,7.15,23.16,-69.1278065630397,5.05104e+11,7150000,14.1555006493712
SWE,2016,8.25,23.16,-64.3782383419689,5.15562e+11,8250000,16.0019551479744
SWE,2017,13.77,23.16,-40.5440414507772,5.28802e+11,13770000,26.0399922844467
SWE,2018,16.33,23.16,-29.4905008635579,5.39113e+11,16330000,30.2904956845782
SWE,2019,12.35,23.16,-46.6753022452504,5.49821e+11,12350000,22.4618557676044
SWE,2020,4.93,23.16,-78.713298791019,5.37889e+11,4930000,9.16545978817191
SWE,2021,6.11,23.16,-73.6183074265976,5.65187e+11,6110000,10.8105812766394
TUR,2005,265.8,265.8,0,5.25476e+11,265800000,505.827097717117
TUR,2006,286.55,265.8,7.8066215199398,5.61986e+11,286550000,509.888146679811
TUR,2007,319.92,265.8,20.3611738148984,5.9033e+11,319920000,541.934172412041
TUR,2008,320.58,265.8,20.6094808126411,5.95141e+11,320580000,538.662266588926
TUR,2009,324.33,265.8,22.020316027088,5.66437e+11,324330000,572.579121773472
TUR,2010,326.91,265.8,22.9909706546275,6.14171e+11,326910000,532.278469677012
TUR,2011,353.04,265.8,32.8216704288939,6.82959e+11,353040000,516.927077613737
TUR,2012,374.8,265.8,41.0082768999248,7.15662e+11,374800000,523.710913811269
TUR,2013,363.71,265.8,36.8359668924003,7.76392e+11,363710000,468.461807952684
TUR,2014,382.61,265.8,43.9465763732129,8.14744e+11,382610000,469.607631354143
TUR,2015,402.16,265.8,51.3017306245297,8.64317e+11,402160000,465.292248098788
TUR,2016,428,265.8,61.0233258088789,8.93039e+11,4.28e+08,479.26238383766
TUR,2017,453.61,265.8,70.6583897667419,9.60034e+11,453610000,472.493682515411
TUR,2018,453.36,265.8,70.5643340857788,9.88642e+11,453360000,458.568420115674
TUR,2019,446.01,265.8,67.7990970654628,9.96389e+11,446010000,447.626378854042
TUR,2020,467.04,265.8,75.7110609480813,1.01572e+12,467040000,459.811759146221
TUR,2021,517.24,265.8,94.5974416854778,1.13104e+12,517240000,457.313622860376
USA,2005,6696.26,6696.26,0,1.56002e+13,6696260000,429.241932795733
USA,2006,6589.49,6696.26,-1.59447213817863,1.60344e+13,6589490000,410.959561941825
USA,2007,6737.35,6696.26,0.613626113681371,1.63567e+13,6737350000,411.901544932658
USA,2008,6531.13,6696.26,-2.4660034108592,1.63767e+13,6531130000,398.80623080352
USA,2009,6120.28,6696.26,-8.60151786220966,1.59509e+13,6120280000,383.694963920531
USA,2010,6307.18,6696.26,-5.81040760066067,1.6383e+13,6307180000,384.983214307514
USA,2011,6115.98,6696.26,-8.66573281204733,1.6637e+13,6115980000,367.613151409509
USA,2012,5884.94,6696.26,-12.1160170005346,1.70164e+13,5884940000,345.839307961731
USA,2013,6092.44,6696.26,-9.01727232813542,1.73298e+13,6092440000,351.558586942723
USA,2014,6129.69,6696.26,-8.46099165803001,1.77263e+13,6129690000,345.796359082268
USA,2015,6065.5,6696.26,-9.41958645572305,1.8206e+13,6065500000,333.159398000659
USA,2016,5763.09,6696.26,-13.935689474423,1.85096e+13,5763090000,311.356809439426
USA,2017,5787.63,6696.26,-13.5692162490704,1.89246e+13,5787630000,305.825750610317
USA,2018,5989.7,6696.26,-10.5515616179778,1.9482e+13,5989700000,307.447900626219
USA,2019,5913.87,6696.26,-11.6839847915105,1.9929e+13,5913870000,296.746951678459
USA,2020,5249.81,6696.26,-21.6008637657439,1.93774e+13,5249810000,270.924375819253
USA,2021,5586,6696.26,-16.5803000480865,2.05295e+13,5.586e+09,272.096251735308
DEU,2005,992.82,992.82,0,2.91203e+12,992820000,340.937421661178
DEU,2006,992.78,992.82,-0.00402892770090019,3.02317e+12,992780000,328.390398158225
DEU,2007,968.83,992.82,-2.41634938861022,3.11315e+12,968830000,311.205691984003
DEU,2008,963.54,992.82,-2.94917507705325,3.14304e+12,963540000,306.563072693952
DEU,2009,888.19,992.82,-10.5386676336093,2.96408e+12,888190000,299.651156513994
DEU,2010,929.72,992.82,-6.35563344815777,3.08797e+12,929720000,301.078054514778
DEU,2011,898.69,992.82,-9.48107411212506,3.20918e+12,898690000,280.037268087175
DEU,2012,895.88,992.82,-9.76410628311275,3.22261e+12,895880000,277.998268484241
DEU,2013,917.29,992.82,-7.6076227312101,3.23671e+12,917290000,283.401972991093
DEU,2014,884.4,992.82,-10.9204085332689,3.30823e+12,884400000,267.333286984279
DEU,2015,885.49,992.82,-10.8106202534196,3.35759e+12,885490000,263.727852417955
DEU,2016,884.83,992.82,-10.8770975604843,3.43246e+12,884830000,257.783047726703
DEU,2017,870.88,992.82,-12.2821860961705,3.52446e+12,870880000,247.096009034008
DEU,2018,838.51,992.82,-15.5425958381177,3.55904e+12,838510000,235.600049451538
DEU,2019,787.81,992.82,-20.6492616989988,3.59665e+12,787810000,219.039939944115
DEU,2020,735.12,992.82,-25.9563667129993,3.46369e+12,735120000,212.236083483222
DEU,2021,764.36,992.82,-23.011220563647,3.55468e+12,764360000,215.029200940732
FRA,2005,503.21,503.21,0,2.22479e+12,503210000,226.183145375519
FRA,2006,492.62,503.21,-2.10448917946781,2.27928e+12,492620000,216.129654978765
FRA,2007,484.34,503.21,-3.74992547842849,2.33455e+12,484340000,207.466106958515
FRA,2008,479.37,503.21,-4.73758470618628,2.3405e+12,479370000,204.815210425123
FRA,2009,468.92,503.21,-6.81425249895669,2.27325e+12,468920000,206.277356208072
FRA,2010,470.21,503.21,-6.5578982929592,2.31757e+12,470210000,202.889233119172
FRA,2011,443.9,503.21,-11.786331750164,2.36838e+12,443900000,187.427693191126
FRA,2012,440.65,503.21,-12.4321853699251,2.3758e+12,440650000,185.474366529169
FRA,2013,442.44,503.21,-12.0764690685797,2.38949e+12,442440000,185.160850223269
FRA,2014,415.98,503.21,-17.3347111543888,2.41234e+12,415980000,172.43837933293
FRA,2015,423.58,503.21,-15.8244073051013,2.43919e+12,423580000,173.656008757005
FRA,2016,432.84,503.21,-13.9842212992588,2.46591e+12,432840000,175.529520542112
FRA,2017,446.79,503.21,-11.2120188390533,2.52241e+12,446790000,177.128222612502
FRA,2018,427.21,503.21,-15.1030384928757,2.56946e+12,427210000,166.264506939201
FRA,2019,421.62,503.21,-16.2139067188649,2.61681e+12,421620000,161.119836747796
FRA,2020,376.06,503.21,-25.2677808469625,2.4131e+12,376060000,155.84103435415
FRA,2021,403.27,503.21,-19.8604956181316,2.5776e+12,403270000,156.4517380509
CZE,2005,140.68,140.68,0,1.52948e+11,140680000,919.78973245809
CZE,2006,143.09,140.68,1.71310776229741,1.63298e+11,143090000,876.250780781149
CZE,2007,145.32,140.68,3.2982655672448,1.72394e+11,145320000,842.952770978108
CZE,2008,138.93,140.68,-1.24395791868069,1.77025e+11,138930000,784.804406157323
CZE,2009,129.49,140.68,-7.95422234859255,1.6878e+11,129490000,767.211754947269
CZE,2010,133.01,140.68,-5.4520898493034,1.7289e+11,133010000,769.333101972352
CZE,2011,131.05,140.68,-6.84532271822576,1.75934e+11,131050000,744.881603328521
CZE,2012,126.92,140.68,-9.7810634063122,1.74553e+11,126920000,727.114400783716
CZE,2013,122.17,140.68,-13.1575206141598,1.74472e+11,122170000,700.226970516759
CZE,2014,120.05,140.68,-14.6644867785044,1.78419e+11,120050000,672.854348471856
CZE,2015,121.54,140.68,-13.6053454648848,1.88033e+11,121540000,646.375902102291
CZE,2016,124,140.68,-11.856696047768,1.92804e+11,1.24e+08,643.140183813614
CZE,2017,126.45,140.68,-10.115154961615,2.02769e+11,126450000,623.616035981832
CZE,2018,130.18,140.68,-7.46374751208416,2.09299e+11,130180000,621.980993698011
CZE,2019,131.23,140.68,-6.71737276087576,2.1564e+11,131230000,608.560563902801
CZE,2020,124.34,140.68,-11.6150127949957,2.03774e+11,124340000,610.185794065975
CZE,2021,126.74,140.68,-9.90901336366222,2.10996e+11,126740000,600.674894310793
AUS,2005,616.29,616.29,0,1.02725e+12,616290000,599.941591628133
AUS,2006,626.79,616.29,1.70374336757046,1.05541e+12,626790000,593.882945964128
AUS,2007,641.52,616.29,4.09385192036217,1.09528e+12,641520000,585.713242275948
AUS,2008,630.25,616.29,2.26516737250321,1.13436e+12,630250000,555.599633273388
AUS,2009,630.91,616.29,2.37225981275049,1.15558e+12,630910000,545.968258363765
AUS,2010,613.33,616.29,-0.480293368381756,1.18108e+12,613330000,519.295898669015
AUS,2011,594.03,616.29,-3.61193593924938,1.20932e+12,594030000,491.209936162472
AUS,2012,579.08,616.29,-6.0377419721235,1.25651e+12,579080000,460.863821219091
AUS,2013,561.1,616.29,-8.95519966249654,1.28891e+12,561100000,435.329076506506
AUS,2014,555.82,616.29,-9.81193918447483,1.32215e+12,555820000,420.39102976213
AUS,2015,540.91,616.29,-12.2312547664249,1.35062e+12,540910000,400.490145266618
AUS,2016,512.48,616.29,-16.8443427607133,1.38749e+12,512480000,369.357616991834
AUS,2017,509.81,616.29,-17.2775803598955,1.41916e+12,509810000,359.233631162096
AUS,2018,514.23,616.29,-16.5603855327849,1.46008e+12,514230000,352.193030518876
AUS,2019,505.86,616.29,-17.9185123886482,1.49178e+12,505860000,339.098258456341
AUS,2020,491.51,616.29,-20.2469616576612,1.49102e+12,491510000,329.646818956151
AUS,2021,462.6,616.29,-24.9379350630385,1.52436e+12,462600000,303.471620876958
